banco_codigo;tabela_codigo;tipo_formalizacao;prazo;datas;Data Inicio;Data Fim;Data Ajustar
623;703220;DIGITAL;36 a 36;2021-06-25 a 9999-12-31;25/06/2021;31/12/9999;11/07/2021
623;500484;PADRAO;96 a 96;2021-07-12 a 9999-12-31;12/07/2021;31/12/9999;02/08/2021
623;500895;PADRAO;96 a 96;2021-07-12 a 9999-12-31;12/07/2021;31/12/9999;02/08/2021
623;500898;PADRAO;96 a 96;2021-07-12 a 9999-12-31;12/07/2021;31/12/9999;02/08/2021
623;501432;PADRAO;48 a 48;2021-07-12 a 9999-12-31;12/07/2021;31/12/9999;02/08/2021
623;501432;PADRAO;60 a 60;2021-07-12 a 9999-12-31;12/07/2021;31/12/9999;02/08/2021
623;501432;PADRAO;72 a 72;2021-07-12 a 9999-12-31;12/07/2021;31/12/9999;02/08/2021
623;501432;PADRAO;84 a 84;2021-07-12 a 9999-12-31;12/07/2021;31/12/9999;02/08/2021
623;501432;PADRAO;96 a 96;2021-07-12 a 9999-12-31;12/07/2021;31/12/9999;02/08/2021
623;501433;PADRAO;72 a 72;2021-07-12 a 9999-12-31;12/07/2021;31/12/9999;02/08/2021
623;501433;PADRAO;84 a 84;2021-07-12 a 9999-12-31;12/07/2021;31/12/9999;02/08/2021
623;501433;PADRAO;96 a 96;2021-07-12 a 9999-12-31;12/07/2021;31/12/9999;02/08/2021
623;501434;PADRAO;72 a 72;2021-07-12 a 9999-12-31;12/07/2021;31/12/9999;02/08/2021
623;501434;PADRAO;84 a 84;2021-07-12 a 9999-12-31;12/07/2021;31/12/9999;02/08/2021
623;501434;PADRAO;96 a 96;2021-07-12 a 9999-12-31;12/07/2021;31/12/9999;02/08/2021
623;501435;PADRAO;96 a 96;2021-07-12 a 9999-12-31;12/07/2021;31/12/9999;02/08/2021
623;501436;PADRAO;96 a 96;2021-07-12 a 9999-12-31;12/07/2021;31/12/9999;02/08/2021
623;501437;PADRAO;96 a 96;2021-07-12 a 9999-12-31;12/07/2021;31/12/9999;02/08/2021
623;501438;PADRAO;96 a 96;2021-07-12 a 9999-12-31;12/07/2021;31/12/9999;02/08/2021
623;501439;PADRAO;96 a 96;2021-07-12 a 9999-12-31;12/07/2021;31/12/9999;02/08/2021
623;501440;PADRAO;96 a 96;2021-07-12 a 9999-12-31;12/07/2021;31/12/9999;02/08/2021
623;501697;PADRAO;96 a 96;2021-07-12 a 9999-12-31;12/07/2021;31/12/9999;02/08/2021
623;501700;PADRAO;96 a 96;2021-07-12 a 9999-12-31;12/07/2021;31/12/9999;02/08/2021
623;501761;PADRAO;96 a 96;2021-07-12 a 9999-12-31;12/07/2021;31/12/9999;02/08/2021
623;501762;PADRAO;96 a 96;2021-07-12 a 9999-12-31;12/07/2021;31/12/9999;02/08/2021
623;501763;PADRAO;96 a 96;2021-07-12 a 9999-12-31;12/07/2021;31/12/9999;02/08/2021
623;501889;PADRAO;96 a 96;2021-07-12 a 9999-12-31;12/07/2021;31/12/9999;02/08/2021
623;501890;PADRAO;96 a 96;2021-07-12 a 9999-12-31;12/07/2021;31/12/9999;02/08/2021
623;501891;PADRAO;96 a 96;2021-07-12 a 9999-12-31;12/07/2021;31/12/9999;02/08/2021
623;501892;PADRAO;96 a 96;2021-07-12 a 9999-12-31;12/07/2021;31/12/9999;02/08/2021
623;501893;PADRAO;96 a 96;2021-07-12 a 9999-12-31;12/07/2021;31/12/9999;02/08/2021
623;501898;PADRAO;96 a 96;2021-07-12 a 9999-12-31;12/07/2021;31/12/9999;02/08/2021
623;501900;PADRAO;96 a 96;2021-07-12 a 9999-12-31;12/07/2021;31/12/9999;02/08/2021
623;501915;PADRAO;48 a 48;2021-07-12 a 9999-12-31;12/07/2021;31/12/9999;02/08/2021
623;501915;PADRAO;60 a 60;2021-07-12 a 9999-12-31;12/07/2021;31/12/9999;02/08/2021
623;501915;PADRAO;72 a 72;2021-07-12 a 9999-12-31;12/07/2021;31/12/9999;02/08/2021
623;501915;PADRAO;84 a 84;2021-07-12 a 9999-12-31;12/07/2021;31/12/9999;02/08/2021
623;501915;PADRAO;96 a 96;2021-07-12 a 9999-12-31;12/07/2021;31/12/9999;02/08/2021
623;501916;PADRAO;72 a 72;2021-07-12 a 9999-12-31;12/07/2021;31/12/9999;02/08/2021
623;501916;PADRAO;84 a 84;2021-07-12 a 9999-12-31;12/07/2021;31/12/9999;02/08/2021
623;501916;PADRAO;96 a 96;2021-07-12 a 9999-12-31;12/07/2021;31/12/9999;02/08/2021
623;501917;PADRAO;72 a 72;2021-07-12 a 9999-12-31;12/07/2021;31/12/9999;02/08/2021
623;501917;PADRAO;84 a 84;2021-07-12 a 9999-12-31;12/07/2021;31/12/9999;02/08/2021
623;501917;PADRAO;96 a 96;2021-07-12 a 9999-12-31;12/07/2021;31/12/9999;02/08/2021
623;501918;PADRAO;96 a 96;2021-07-12 a 9999-12-31;12/07/2021;31/12/9999;02/08/2021
623;501919;PADRAO;96 a 96;2021-07-12 a 9999-12-31;12/07/2021;31/12/9999;02/08/2021
623;501920;PADRAO;96 a 96;2021-07-12 a 9999-12-31;12/07/2021;31/12/9999;02/08/2021
623;501921;PADRAO;96 a 96;2021-07-12 a 9999-12-31;12/07/2021;31/12/9999;02/08/2021
623;501922;PADRAO;96 a 96;2021-07-12 a 9999-12-31;12/07/2021;31/12/9999;02/08/2021
623;501977;PADRAO;96 a 96;2021-07-12 a 9999-12-31;12/07/2021;31/12/9999;02/08/2021
623;510681;PADRAO;96 a 96;2021-07-12 a 9999-12-31;12/07/2021;31/12/9999;02/08/2021
623;510682;PADRAO;96 a 96;2021-07-12 a 9999-12-31;12/07/2021;31/12/9999;02/08/2021
623;510683;PADRAO;96 a 96;2021-07-12 a 9999-12-31;12/07/2021;31/12/9999;02/08/2021
623;510684;PADRAO;96 a 96;2021-07-12 a 9999-12-31;12/07/2021;31/12/9999;02/08/2021
623;510685;PADRAO;96 a 96;2021-07-12 a 9999-12-31;12/07/2021;31/12/9999;02/08/2021
623;510686;PADRAO;96 a 96;2021-07-12 a 9999-12-31;12/07/2021;31/12/9999;02/08/2021
623;510687;PADRAO;96 a 96;2021-07-12 a 9999-12-31;12/07/2021;31/12/9999;02/08/2021
623;510688;PADRAO;96 a 96;2021-07-12 a 9999-12-31;12/07/2021;31/12/9999;02/08/2021
623;510689;PADRAO;96 a 96;2021-07-12 a 9999-12-31;12/07/2021;31/12/9999;02/08/2021
623;510690;PADRAO;96 a 96;2021-07-12 a 9999-12-31;12/07/2021;31/12/9999;02/08/2021
623;510693;PADRAO;96 a 96;2021-07-12 a 9999-12-31;12/07/2021;31/12/9999;02/08/2021
623;510694;PADRAO;96 a 96;2021-07-12 a 9999-12-31;12/07/2021;31/12/9999;02/08/2021
623;510695;PADRAO;96 a 96;2021-07-12 a 9999-12-31;12/07/2021;31/12/9999;02/08/2021
623;510696;PADRAO;96 a 96;2021-07-12 a 9999-12-31;12/07/2021;31/12/9999;02/08/2021
623;510697;PADRAO;96 a 96;2021-07-12 a 9999-12-31;12/07/2021;31/12/9999;02/08/2021
623;510698;PADRAO;96 a 96;2021-07-12 a 9999-12-31;12/07/2021;31/12/9999;02/08/2021
623;510702;PADRAO;96 a 96;2021-07-12 a 9999-12-31;12/07/2021;31/12/9999;02/08/2021
623;510703;PADRAO;96 a 96;2021-07-12 a 9999-12-31;12/07/2021;31/12/9999;02/08/2021
623;510704;PADRAO;96 a 96;2021-07-12 a 9999-12-31;12/07/2021;31/12/9999;02/08/2021
623;510705;PADRAO;96 a 96;2021-07-12 a 9999-12-31;12/07/2021;31/12/9999;02/08/2021
623;510706;PADRAO;96 a 96;2021-07-12 a 9999-12-31;12/07/2021;31/12/9999;02/08/2021
623;510707;PADRAO;96 a 96;2021-07-12 a 9999-12-31;12/07/2021;31/12/9999;02/08/2021
623;510708;PADRAO;96 a 96;2021-07-12 a 9999-12-31;12/07/2021;31/12/9999;02/08/2021
623;510822;PADRAO;96 a 96;2021-07-12 a 9999-12-31;12/07/2021;31/12/9999;02/08/2021
623;510823;PADRAO;96 a 96;2021-07-12 a 9999-12-31;12/07/2021;31/12/9999;02/08/2021
623;510904;PADRAO;96 a 96;2021-07-12 a 9999-12-31;12/07/2021;31/12/9999;02/08/2021
623;510905;PADRAO;96 a 96;2021-07-12 a 9999-12-31;12/07/2021;31/12/9999;02/08/2021
623;510906;PADRAO;96 a 96;2021-07-12 a 9999-12-31;12/07/2021;31/12/9999;02/08/2021
623;510907;PADRAO;96 a 96;2021-07-12 a 9999-12-31;12/07/2021;31/12/9999;02/08/2021
623;510908;PADRAO;96 a 96;2021-07-12 a 9999-12-31;12/07/2021;31/12/9999;02/08/2021
623;510909;PADRAO;96 a 96;2021-07-12 a 9999-12-31;12/07/2021;31/12/9999;02/08/2021
623;510910;PADRAO;96 a 96;2021-07-12 a 9999-12-31;12/07/2021;31/12/9999;02/08/2021
623;510911;PADRAO;96 a 96;2021-07-12 a 9999-12-31;12/07/2021;31/12/9999;02/08/2021
623;510912;PADRAO;96 a 96;2021-07-12 a 9999-12-31;12/07/2021;31/12/9999;02/08/2021
623;510913;PADRAO;96 a 96;2021-07-12 a 9999-12-31;12/07/2021;31/12/9999;02/08/2021
623;510914;PADRAO;96 a 96;2021-07-12 a 9999-12-31;12/07/2021;31/12/9999;02/08/2021
623;510915;PADRAO;96 a 96;2021-07-12 a 9999-12-31;12/07/2021;31/12/9999;02/08/2021
623;510916;PADRAO;96 a 96;2021-07-12 a 9999-12-31;12/07/2021;31/12/9999;02/08/2021
623;510917;PADRAO;96 a 96;2021-07-12 a 9999-12-31;12/07/2021;31/12/9999;02/08/2021
623;510928;PADRAO;96 a 96;2021-07-12 a 9999-12-31;12/07/2021;31/12/9999;02/08/2021
623;510929;PADRAO;96 a 96;2021-07-12 a 9999-12-31;12/07/2021;31/12/9999;02/08/2021
623;510930;PADRAO;96 a 96;2021-07-12 a 9999-12-31;12/07/2021;31/12/9999;02/08/2021
623;510931;PADRAO;96 a 96;2021-07-12 a 9999-12-31;12/07/2021;31/12/9999;02/08/2021
623;510932;PADRAO;96 a 96;2021-07-12 a 9999-12-31;12/07/2021;31/12/9999;02/08/2021
623;510933;PADRAO;96 a 96;2021-07-12 a 9999-12-31;12/07/2021;31/12/9999;02/08/2021
623;510934;PADRAO;96 a 96;2021-07-12 a 9999-12-31;12/07/2021;31/12/9999;02/08/2021
623;510935;PADRAO;96 a 96;2021-07-12 a 9999-12-31;12/07/2021;31/12/9999;02/08/2021
623;52071;PADRAO;48 a 48;2021-07-12 a 9999-12-31;12/07/2021;31/12/9999;02/08/2021
623;52071;PADRAO;60 a 60;2021-07-12 a 9999-12-31;12/07/2021;31/12/9999;02/08/2021
623;52071;PADRAO;72 a 72;2021-07-12 a 9999-12-31;12/07/2021;31/12/9999;02/08/2021
623;52071;PADRAO;84 a 84;2021-07-12 a 9999-12-31;12/07/2021;31/12/9999;02/08/2021
623;52071;PADRAO;96 a 96;2021-07-12 a 9999-12-31;12/07/2021;31/12/9999;02/08/2021
623;52072;PADRAO;96 a 96;2021-07-12 a 9999-12-31;12/07/2021;31/12/9999;02/08/2021
623;52073;PADRAO;96 a 96;2021-07-12 a 9999-12-31;12/07/2021;31/12/9999;02/08/2021
623;52074;PADRAO;96 a 96;2021-07-12 a 9999-12-31;12/07/2021;31/12/9999;02/08/2021
623;52089;PADRAO;96 a 96;2021-07-12 a 9999-12-31;12/07/2021;31/12/9999;02/08/2021
623;52096;PADRAO;96 a 96;2021-07-12 a 9999-12-31;12/07/2021;31/12/9999;02/08/2021
623;52229;PADRAO;48 a 48;2021-07-12 a 9999-12-31;12/07/2021;31/12/9999;02/08/2021
623;52229;PADRAO;60 a 60;2021-07-12 a 9999-12-31;12/07/2021;31/12/9999;02/08/2021
623;52229;PADRAO;72 a 72;2021-07-12 a 9999-12-31;12/07/2021;31/12/9999;02/08/2021
623;52229;PADRAO;84 a 84;2021-07-12 a 9999-12-31;12/07/2021;31/12/9999;02/08/2021
623;52229;PADRAO;96 a 96;2021-07-12 a 9999-12-31;12/07/2021;31/12/9999;02/08/2021
623;52230;PADRAO;96 a 96;2021-07-12 a 9999-12-31;12/07/2021;31/12/9999;02/08/2021
623;52276;PADRAO;96 a 96;2021-07-12 a 9999-12-31;12/07/2021;31/12/9999;02/08/2021
623;52280;PADRAO;96 a 96;2021-07-12 a 9999-12-31;12/07/2021;31/12/9999;02/08/2021
623;52284;PADRAO;96 a 96;2021-07-12 a 9999-12-31;12/07/2021;31/12/9999;02/08/2021
623;52288;PADRAO;96 a 96;2021-07-12 a 9999-12-31;12/07/2021;31/12/9999;02/08/2021
623;52321;PADRAO;96 a 96;2021-07-12 a 9999-12-31;12/07/2021;31/12/9999;02/08/2021
623;52322;PADRAO;96 a 96;2021-07-12 a 9999-12-31;12/07/2021;31/12/9999;02/08/2021
623;52323;PADRAO;96 a 96;2021-07-12 a 9999-12-31;12/07/2021;31/12/9999;02/08/2021
623;52324;PADRAO;96 a 96;2021-07-12 a 9999-12-31;12/07/2021;31/12/9999;02/08/2021
623;52325;PADRAO;96 a 96;2021-07-12 a 9999-12-31;12/07/2021;31/12/9999;02/08/2021
623;52326;PADRAO;96 a 96;2021-07-12 a 9999-12-31;12/07/2021;31/12/9999;02/08/2021
623;52336;PADRAO;96 a 96;2021-07-12 a 9999-12-31;12/07/2021;31/12/9999;02/08/2021
623;52337;PADRAO;96 a 96;2021-07-12 a 9999-12-31;12/07/2021;31/12/9999;02/08/2021
623;52338;PADRAO;96 a 96;2021-07-12 a 9999-12-31;12/07/2021;31/12/9999;02/08/2021
623;52339;PADRAO;96 a 96;2021-07-12 a 9999-12-31;12/07/2021;31/12/9999;02/08/2021
623;52340;PADRAO;96 a 96;2021-07-12 a 9999-12-31;12/07/2021;31/12/9999;02/08/2021
623;52341;PADRAO;96 a 96;2021-07-12 a 9999-12-31;12/07/2021;31/12/9999;02/08/2021
623;52342;PADRAO;96 a 96;2021-07-12 a 9999-12-31;12/07/2021;31/12/9999;02/08/2021
623;52343;PADRAO;96 a 96;2021-07-12 a 9999-12-31;12/07/2021;31/12/9999;02/08/2021
623;52344;PADRAO;96 a 96;2021-07-12 a 9999-12-31;12/07/2021;31/12/9999;02/08/2021
623;52345;PADRAO;96 a 96;2021-07-12 a 9999-12-31;12/07/2021;31/12/9999;02/08/2021
623;52382;PADRAO;96 a 96;2021-07-12 a 9999-12-31;12/07/2021;31/12/9999;02/08/2021
623;610198;PADRAO;96 a 96;2021-07-12 a 9999-12-31;12/07/2021;31/12/9999;02/08/2021
623;610202;PADRAO;96 a 96;2021-07-12 a 9999-12-31;12/07/2021;31/12/9999;02/08/2021
623;610206;PADRAO;96 a 96;2021-07-12 a 9999-12-31;12/07/2021;31/12/9999;02/08/2021
623;610211;PADRAO;96 a 96;2021-07-12 a 9999-12-31;12/07/2021;31/12/9999;02/08/2021
623;610215;PADRAO;96 a 96;2021-07-12 a 9999-12-31;12/07/2021;31/12/9999;02/08/2021
623;610219;PADRAO;96 a 96;2021-07-12 a 9999-12-31;12/07/2021;31/12/9999;02/08/2021
623;610223;PADRAO;96 a 96;2021-07-12 a 9999-12-31;12/07/2021;31/12/9999;02/08/2021
623;610227;PADRAO;96 a 96;2021-07-12 a 9999-12-31;12/07/2021;31/12/9999;02/08/2021
623;610231;PADRAO;96 a 96;2021-07-12 a 9999-12-31;12/07/2021;31/12/9999;02/08/2021
623;610235;PADRAO;96 a 96;2021-07-12 a 9999-12-31;12/07/2021;31/12/9999;02/08/2021
623;610244;PADRAO;96 a 96;2021-07-12 a 9999-12-31;12/07/2021;31/12/9999;02/08/2021
623;610245;PADRAO;96 a 96;2021-07-12 a 9999-12-31;12/07/2021;31/12/9999;02/08/2021
623;610246;PADRAO;96 a 96;2021-07-12 a 9999-12-31;12/07/2021;31/12/9999;02/08/2021
623;610247;PADRAO;96 a 96;2021-07-12 a 9999-12-31;12/07/2021;31/12/9999;02/08/2021
623;610248;PADRAO;96 a 96;2021-07-12 a 9999-12-31;12/07/2021;31/12/9999;02/08/2021
623;610249;PADRAO;96 a 96;2021-07-12 a 9999-12-31;12/07/2021;31/12/9999;02/08/2021
623;610250;PADRAO;96 a 96;2021-07-12 a 9999-12-31;12/07/2021;31/12/9999;02/08/2021
623;610252;PADRAO;96 a 96;2021-07-12 a 9999-12-31;12/07/2021;31/12/9999;02/08/2021
623;610254;PADRAO;96 a 96;2021-07-12 a 9999-12-31;12/07/2021;31/12/9999;02/08/2021
623;610256;PADRAO;96 a 96;2021-07-12 a 9999-12-31;12/07/2021;31/12/9999;02/08/2021
623;610258;PADRAO;96 a 96;2021-07-12 a 9999-12-31;12/07/2021;31/12/9999;02/08/2021
623;610260;PADRAO;96 a 96;2021-07-12 a 9999-12-31;12/07/2021;31/12/9999;02/08/2021
623;610262;PADRAO;96 a 96;2021-07-12 a 9999-12-31;12/07/2021;31/12/9999;02/08/2021
623;610264;PADRAO;96 a 96;2021-07-12 a 9999-12-31;12/07/2021;31/12/9999;02/08/2021
623;610266;PADRAO;96 a 96;2021-07-12 a 9999-12-31;12/07/2021;31/12/9999;02/08/2021
623;610268;PADRAO;96 a 96;2021-07-12 a 9999-12-31;12/07/2021;31/12/9999;02/08/2021
623;610270;PADRAO;96 a 96;2021-07-12 a 9999-12-31;12/07/2021;31/12/9999;02/08/2021
623;610272;PADRAO;96 a 96;2021-07-12 a 9999-12-31;12/07/2021;31/12/9999;02/08/2021
623;610274;PADRAO;96 a 96;2021-07-12 a 9999-12-31;12/07/2021;31/12/9999;02/08/2021
623;610276;PADRAO;96 a 96;2021-07-12 a 9999-12-31;12/07/2021;31/12/9999;02/08/2021
623;610278;PADRAO;96 a 96;2021-07-12 a 9999-12-31;12/07/2021;31/12/9999;02/08/2021
623;610280;PADRAO;96 a 96;2021-07-12 a 9999-12-31;12/07/2021;31/12/9999;02/08/2021
623;610281;PADRAO;96 a 96;2021-07-12 a 9999-12-31;12/07/2021;31/12/9999;02/08/2021
623;610298;PADRAO;96 a 96;2021-07-12 a 9999-12-31;12/07/2021;31/12/9999;02/08/2021
623;610299;PADRAO;96 a 96;2021-07-12 a 9999-12-31;12/07/2021;31/12/9999;02/08/2021
623;610300;PADRAO;96 a 96;2021-07-12 a 9999-12-31;12/07/2021;31/12/9999;02/08/2021
623;610301;PADRAO;96 a 96;2021-07-12 a 9999-12-31;12/07/2021;31/12/9999;02/08/2021
623;610302;PADRAO;96 a 96;2021-07-12 a 9999-12-31;12/07/2021;31/12/9999;02/08/2021
623;610303;PADRAO;96 a 96;2021-07-12 a 9999-12-31;12/07/2021;31/12/9999;02/08/2021
623;610304;PADRAO;96 a 96;2021-07-12 a 9999-12-31;12/07/2021;31/12/9999;02/08/2021
623;610305;PADRAO;96 a 96;2021-07-12 a 9999-12-31;12/07/2021;31/12/9999;02/08/2021
623;610306;PADRAO;96 a 96;2021-07-12 a 9999-12-31;12/07/2021;31/12/9999;02/08/2021
623;610307;PADRAO;96 a 96;2021-07-12 a 9999-12-31;12/07/2021;31/12/9999;02/08/2021
623;610308;PADRAO;96 a 96;2021-07-12 a 9999-12-31;12/07/2021;31/12/9999;02/08/2021
623;610309;PADRAO;96 a 96;2021-07-12 a 9999-12-31;12/07/2021;31/12/9999;02/08/2021
623;610310;PADRAO;96 a 96;2021-07-12 a 9999-12-31;12/07/2021;31/12/9999;02/08/2021
623;610311;PADRAO;96 a 96;2021-07-12 a 9999-12-31;12/07/2021;31/12/9999;02/08/2021
623;610312;PADRAO;96 a 96;2021-07-12 a 9999-12-31;12/07/2021;31/12/9999;02/08/2021
623;6208;PADRAO;96 a 96;2021-07-12 a 9999-12-31;12/07/2021;31/12/9999;02/08/2021
623;6210;PADRAO;96 a 96;2021-07-12 a 9999-12-31;12/07/2021;31/12/9999;02/08/2021
623;701434;DIGITAL;36 a 36;2021-07-12 a 9999-12-31;12/07/2021;31/12/9999;02/08/2021
623;888700S;DIGITAL;0 a 84;2021-07-12 a 9999-12-31;12/07/2021;31/12/9999;02/08/2021
623;191330;DIGITAL;84 a 84;2021-08-03 a 9999-12-31;03/08/2021;31/12/9999;08/08/2021
623;191330;DIGITAL;96 a 96;2021-08-03 a 9999-12-31;03/08/2021;31/12/9999;08/08/2021
623;191331;DIGITAL;96 a 96;2021-08-03 a 9999-12-31;03/08/2021;31/12/9999;08/08/2021
623;191332;DIGITAL;96 a 96;2021-08-03 a 9999-12-31;03/08/2021;31/12/9999;08/08/2021
623;191333;DIGITAL;96 a 96;2021-08-03 a 9999-12-31;03/08/2021;31/12/9999;08/08/2021
623;191334;DIGITAL;96 a 96;2021-08-03 a 9999-12-31;03/08/2021;31/12/9999;08/08/2021
623;191335;DIGITAL;96 a 96;2021-08-03 a 9999-12-31;03/08/2021;31/12/9999;08/08/2021
623;191338;DIGITAL;96 a 96;2021-08-03 a 9999-12-31;03/08/2021;31/12/9999;08/08/2021
623;191339;DIGITAL;84 a 84;2021-08-03 a 9999-12-31;03/08/2021;31/12/9999;08/08/2021
623;191339;DIGITAL;96 a 96;2021-08-03 a 9999-12-31;03/08/2021;31/12/9999;08/08/2021
623;191340;DIGITAL;96 a 96;2021-08-03 a 9999-12-31;03/08/2021;31/12/9999;08/08/2021
623;191341;DIGITAL;96 a 96;2021-08-03 a 9999-12-31;03/08/2021;31/12/9999;08/08/2021
623;191342;DIGITAL;96 a 96;2021-08-03 a 9999-12-31;03/08/2021;31/12/9999;08/08/2021
623;191343;DIGITAL;96 a 96;2021-08-03 a 9999-12-31;03/08/2021;31/12/9999;08/08/2021
623;191345;DIGITAL;84 a 84;2021-08-03 a 9999-12-31;03/08/2021;31/12/9999;08/08/2021
623;191345;DIGITAL;96 a 96;2021-08-03 a 9999-12-31;03/08/2021;31/12/9999;08/08/2021
623;191346;DIGITAL;96 a 96;2021-08-03 a 9999-12-31;03/08/2021;31/12/9999;08/08/2021
623;191347;DIGITAL;96 a 96;2021-08-03 a 9999-12-31;03/08/2021;31/12/9999;08/08/2021
623;191354;DIGITAL;96 a 96;2021-08-03 a 9999-12-31;03/08/2021;31/12/9999;08/08/2021
623;191355;DIGITAL;96 a 96;2021-08-03 a 9999-12-31;03/08/2021;31/12/9999;08/08/2021
623;191356;DIGITAL;96 a 96;2021-08-03 a 9999-12-31;03/08/2021;31/12/9999;08/08/2021
623;191357;DIGITAL;96 a 96;2021-08-03 a 9999-12-31;03/08/2021;31/12/9999;08/08/2021
623;191358;DIGITAL;96 a 96;2021-08-03 a 9999-12-31;03/08/2021;31/12/9999;08/08/2021
623;191359;DIGITAL;96 a 96;2021-08-03 a 9999-12-31;03/08/2021;31/12/9999;08/08/2021
623;191360;DIGITAL;96 a 96;2021-08-03 a 9999-12-31;03/08/2021;31/12/9999;08/08/2021
623;191361;DIGITAL;96 a 96;2021-08-03 a 9999-12-31;03/08/2021;31/12/9999;08/08/2021
623;191369;DIGITAL;96 a 96;2021-08-03 a 9999-12-31;03/08/2021;31/12/9999;08/08/2021
623;196117;DIGITAL;72 a 72;2021-08-03 a 9999-12-31;03/08/2021;31/12/9999;08/08/2021
623;196198;DIGITAL;60 a 60;2021-08-03 a 9999-12-31;03/08/2021;31/12/9999;08/08/2021
623;196198;DIGITAL;72 a 72;2021-08-03 a 9999-12-31;03/08/2021;31/12/9999;08/08/2021
623;196226;DIGITAL;72 a 72;2021-08-03 a 9999-12-31;03/08/2021;31/12/9999;08/08/2021
623;196227;DIGITAL;72 a 72;2021-08-03 a 9999-12-31;03/08/2021;31/12/9999;08/08/2021
623;196229;DIGITAL;60 a 60;2021-08-03 a 9999-12-31;03/08/2021;31/12/9999;08/08/2021
623;196229;DIGITAL;72 a 72;2021-08-03 a 9999-12-31;03/08/2021;31/12/9999;08/08/2021
623;196232;DIGITAL;48 a 48;2021-08-03 a 9999-12-31;03/08/2021;31/12/9999;08/08/2021
623;196232;DIGITAL;60 a 60;2021-08-03 a 9999-12-31;03/08/2021;31/12/9999;08/08/2021
623;196232;DIGITAL;72 a 72;2021-08-03 a 9999-12-31;03/08/2021;31/12/9999;08/08/2021
623;196233;DIGITAL;48 a 48;2021-08-03 a 9999-12-31;03/08/2021;31/12/9999;08/08/2021
623;196233;DIGITAL;60 a 60;2021-08-03 a 9999-12-31;03/08/2021;31/12/9999;08/08/2021
623;196233;DIGITAL;72 a 72;2021-08-03 a 9999-12-31;03/08/2021;31/12/9999;08/08/2021
623;196235;DIGITAL;72 a 72;2021-08-03 a 9999-12-31;03/08/2021;31/12/9999;08/08/2021
623;196236;DIGITAL;72 a 72;2021-08-03 a 9999-12-31;03/08/2021;31/12/9999;08/08/2021
623;196237;DIGITAL;60 a 60;2021-08-03 a 9999-12-31;03/08/2021;31/12/9999;08/08/2021
623;196237;DIGITAL;72 a 72;2021-08-03 a 9999-12-31;03/08/2021;31/12/9999;08/08/2021
623;196238;DIGITAL;72 a 72;2021-08-03 a 9999-12-31;03/08/2021;31/12/9999;08/08/2021
623;196240;DIGITAL;60 a 60;2021-08-03 a 9999-12-31;03/08/2021;31/12/9999;08/08/2021
623;196240;DIGITAL;72 a 72;2021-08-03 a 9999-12-31;03/08/2021;31/12/9999;08/08/2021
623;196241;DIGITAL;72 a 72;2021-08-03 a 9999-12-31;03/08/2021;31/12/9999;08/08/2021
623;196242;DIGITAL;72 a 72;2021-08-03 a 9999-12-31;03/08/2021;31/12/9999;08/08/2021
623;196243;DIGITAL;60 a 60;2021-08-03 a 9999-12-31;03/08/2021;31/12/9999;08/08/2021
623;196243;DIGITAL;72 a 72;2021-08-03 a 9999-12-31;03/08/2021;31/12/9999;08/08/2021
623;196244;DIGITAL;60 a 60;2021-08-03 a 9999-12-31;03/08/2021;31/12/9999;08/08/2021
623;196244;DIGITAL;72 a 72;2021-08-03 a 9999-12-31;03/08/2021;31/12/9999;08/08/2021
623;196245;DIGITAL;60 a 60;2021-08-03 a 9999-12-31;03/08/2021;31/12/9999;08/08/2021
623;196245;DIGITAL;72 a 72;2021-08-03 a 9999-12-31;03/08/2021;31/12/9999;08/08/2021
623;196258;DIGITAL;60 a 60;2021-08-03 a 9999-12-31;03/08/2021;31/12/9999;08/08/2021
623;196258;DIGITAL;72 a 72;2021-08-03 a 9999-12-31;03/08/2021;31/12/9999;08/08/2021
623;196259;DIGITAL;60 a 60;2021-08-03 a 9999-12-31;03/08/2021;31/12/9999;08/08/2021
623;196259;DIGITAL;72 a 72;2021-08-03 a 9999-12-31;03/08/2021;31/12/9999;08/08/2021
623;196265;DIGITAL;72 a 72;2021-08-03 a 9999-12-31;03/08/2021;31/12/9999;08/08/2021
623;196266;DIGITAL;72 a 72;2021-08-03 a 9999-12-31;03/08/2021;31/12/9999;08/08/2021
623;196267;DIGITAL;72 a 72;2021-08-03 a 9999-12-31;03/08/2021;31/12/9999;08/08/2021
623;196272;DIGITAL;72 a 72;2021-08-03 a 9999-12-31;03/08/2021;31/12/9999;08/08/2021
623;196273;DIGITAL;72 a 72;2021-08-03 a 9999-12-31;03/08/2021;31/12/9999;08/08/2021
623;196274;DIGITAL;72 a 72;2021-08-03 a 9999-12-31;03/08/2021;31/12/9999;08/08/2021
623;196285;DIGITAL;60 a 60;2021-08-03 a 9999-12-31;03/08/2021;31/12/9999;08/08/2021
623;196285;DIGITAL;72 a 72;2021-08-03 a 9999-12-31;03/08/2021;31/12/9999;08/08/2021
623;196286;DIGITAL;60 a 60;2021-08-03 a 9999-12-31;03/08/2021;31/12/9999;08/08/2021
623;196286;DIGITAL;72 a 72;2021-08-03 a 9999-12-31;03/08/2021;31/12/9999;08/08/2021
623;196287;DIGITAL;60 a 60;2021-08-03 a 9999-12-31;03/08/2021;31/12/9999;08/08/2021
623;196287;DIGITAL;72 a 72;2021-08-03 a 9999-12-31;03/08/2021;31/12/9999;08/08/2021
623;196288;DIGITAL;60 a 60;2021-08-03 a 9999-12-31;03/08/2021;31/12/9999;08/08/2021
623;196288;DIGITAL;72 a 72;2021-08-03 a 9999-12-31;03/08/2021;31/12/9999;08/08/2021
623;196289;DIGITAL;60 a 60;2021-08-03 a 9999-12-31;03/08/2021;31/12/9999;08/08/2021
623;196289;DIGITAL;72 a 72;2021-08-03 a 9999-12-31;03/08/2021;31/12/9999;08/08/2021
623;196290;DIGITAL;60 a 60;2021-08-03 a 9999-12-31;03/08/2021;31/12/9999;08/08/2021
623;196290;DIGITAL;72 a 72;2021-08-03 a 9999-12-31;03/08/2021;31/12/9999;08/08/2021
623;196291;DIGITAL;60 a 60;2021-08-03 a 9999-12-31;03/08/2021;31/12/9999;08/08/2021
623;196291;DIGITAL;72 a 72;2021-08-03 a 9999-12-31;03/08/2021;31/12/9999;08/08/2021
623;196309;DIGITAL;48 a 48;2021-08-03 a 9999-12-31;03/08/2021;31/12/9999;08/08/2021
623;196309;DIGITAL;60 a 60;2021-08-03 a 9999-12-31;03/08/2021;31/12/9999;08/08/2021
623;196309;DIGITAL;72 a 72;2021-08-03 a 9999-12-31;03/08/2021;31/12/9999;08/08/2021
623;196310;DIGITAL;48 a 48;2021-08-03 a 9999-12-31;03/08/2021;31/12/9999;08/08/2021
623;196310;DIGITAL;60 a 60;2021-08-03 a 9999-12-31;03/08/2021;31/12/9999;08/08/2021
623;196310;DIGITAL;72 a 72;2021-08-03 a 9999-12-31;03/08/2021;31/12/9999;08/08/2021
623;196311;DIGITAL;60 a 60;2021-08-03 a 9999-12-31;03/08/2021;31/12/9999;08/08/2021
623;196311;DIGITAL;72 a 72;2021-08-03 a 9999-12-31;03/08/2021;31/12/9999;08/08/2021
623;196312;DIGITAL;60 a 60;2021-08-03 a 9999-12-31;03/08/2021;31/12/9999;08/08/2021
623;196312;DIGITAL;72 a 72;2021-08-03 a 9999-12-31;03/08/2021;31/12/9999;08/08/2021
623;196313;DIGITAL;72 a 72;2021-08-03 a 9999-12-31;03/08/2021;31/12/9999;08/08/2021
623;196314;DIGITAL;72 a 72;2021-08-03 a 9999-12-31;03/08/2021;31/12/9999;08/08/2021
623;196315;DIGITAL;72 a 72;2021-08-03 a 9999-12-31;03/08/2021;31/12/9999;08/08/2021
623;196316;DIGITAL;72 a 72;2021-08-03 a 9999-12-31;03/08/2021;31/12/9999;08/08/2021
623;196317;DIGITAL;72 a 72;2021-08-03 a 9999-12-31;03/08/2021;31/12/9999;08/08/2021
623;196318;DIGITAL;72 a 72;2021-08-03 a 9999-12-31;03/08/2021;31/12/9999;08/08/2021
623;196319;DIGITAL;72 a 72;2021-08-03 a 9999-12-31;03/08/2021;31/12/9999;08/08/2021
623;196320;DIGITAL;72 a 72;2021-08-03 a 9999-12-31;03/08/2021;31/12/9999;08/08/2021
623;196321;DIGITAL;60 a 60;2021-08-03 a 9999-12-31;03/08/2021;31/12/9999;08/08/2021
623;196321;DIGITAL;72 a 72;2021-08-03 a 9999-12-31;03/08/2021;31/12/9999;08/08/2021
623;196322;DIGITAL;60 a 60;2021-08-03 a 9999-12-31;03/08/2021;31/12/9999;08/08/2021
623;196322;DIGITAL;72 a 72;2021-08-03 a 9999-12-31;03/08/2021;31/12/9999;08/08/2021
623;196323;DIGITAL;60 a 60;2021-08-03 a 9999-12-31;03/08/2021;31/12/9999;08/08/2021
623;196323;DIGITAL;72 a 72;2021-08-03 a 9999-12-31;03/08/2021;31/12/9999;08/08/2021
623;196324;DIGITAL;60 a 60;2021-08-03 a 9999-12-31;03/08/2021;31/12/9999;08/08/2021
623;196324;DIGITAL;72 a 72;2021-08-03 a 9999-12-31;03/08/2021;31/12/9999;08/08/2021
623;196325;DIGITAL;60 a 60;2021-08-03 a 9999-12-31;03/08/2021;31/12/9999;08/08/2021
623;196325;DIGITAL;72 a 72;2021-08-03 a 9999-12-31;03/08/2021;31/12/9999;08/08/2021
623;196326;DIGITAL;60 a 60;2021-08-03 a 9999-12-31;03/08/2021;31/12/9999;08/08/2021
623;196326;DIGITAL;72 a 72;2021-08-03 a 9999-12-31;03/08/2021;31/12/9999;08/08/2021
623;196327;DIGITAL;60 a 60;2021-08-03 a 9999-12-31;03/08/2021;31/12/9999;08/08/2021
623;196327;DIGITAL;72 a 72;2021-08-03 a 9999-12-31;03/08/2021;31/12/9999;08/08/2021
623;196328;DIGITAL;60 a 60;2021-08-03 a 9999-12-31;03/08/2021;31/12/9999;08/08/2021
623;196328;DIGITAL;72 a 72;2021-08-03 a 9999-12-31;03/08/2021;31/12/9999;08/08/2021
623;196329;DIGITAL;60 a 60;2021-08-03 a 9999-12-31;03/08/2021;31/12/9999;08/08/2021
623;196329;DIGITAL;72 a 72;2021-08-03 a 9999-12-31;03/08/2021;31/12/9999;08/08/2021
623;196330;DIGITAL;72 a 72;2021-08-03 a 9999-12-31;03/08/2021;31/12/9999;08/08/2021
623;196331;DIGITAL;72 a 72;2021-08-03 a 9999-12-31;03/08/2021;31/12/9999;08/08/2021
623;196332;DIGITAL;72 a 72;2021-08-03 a 9999-12-31;03/08/2021;31/12/9999;08/08/2021
623;196333;DIGITAL;72 a 72;2021-08-03 a 9999-12-31;03/08/2021;31/12/9999;08/08/2021
623;196334;DIGITAL;72 a 72;2021-08-03 a 9999-12-31;03/08/2021;31/12/9999;08/08/2021
623;196335;DIGITAL;72 a 72;2021-08-03 a 9999-12-31;03/08/2021;31/12/9999;08/08/2021
623;196336;DIGITAL;72 a 72;2021-08-03 a 9999-12-31;03/08/2021;31/12/9999;08/08/2021
623;197072;DIGITAL;36 a 36;2021-08-03 a 9999-12-31;03/08/2021;31/12/9999;08/08/2021
623;197072;DIGITAL;48 a 48;2021-08-03 a 9999-12-31;03/08/2021;31/12/9999;08/08/2021
623;197072;DIGITAL;60 a 60;2021-08-03 a 9999-12-31;03/08/2021;31/12/9999;08/08/2021
623;197072;DIGITAL;72 a 72;2021-08-03 a 9999-12-31;03/08/2021;31/12/9999;08/08/2021
623;197072;DIGITAL;84 a 84;2021-08-03 a 9999-12-31;03/08/2021;31/12/9999;08/08/2021
623;197072;DIGITAL;96 a 96;2021-08-03 a 9999-12-31;03/08/2021;31/12/9999;08/08/2021
623;197073;DIGITAL;96 a 96;2021-08-03 a 9999-12-31;03/08/2021;31/12/9999;08/08/2021
623;197074;DIGITAL;96 a 96;2021-08-03 a 9999-12-31;03/08/2021;31/12/9999;08/08/2021
623;197082;DIGITAL;96 a 96;2021-08-03 a 9999-12-31;03/08/2021;31/12/9999;08/08/2021
623;197103;DIGITAL;72 a 72;2021-08-03 a 9999-12-31;03/08/2021;31/12/9999;08/08/2021
623;197103;DIGITAL;84 a 84;2021-08-03 a 9999-12-31;03/08/2021;31/12/9999;08/08/2021
623;197103;DIGITAL;96 a 96;2021-08-03 a 9999-12-31;03/08/2021;31/12/9999;08/08/2021
623;197104;DIGITAL;96 a 96;2021-08-03 a 9999-12-31;03/08/2021;31/12/9999;08/08/2021
623;197105;DIGITAL;96 a 96;2021-08-03 a 9999-12-31;03/08/2021;31/12/9999;08/08/2021
623;197106;DIGITAL;96 a 96;2021-08-03 a 9999-12-31;03/08/2021;31/12/9999;08/08/2021
623;197107;DIGITAL;96 a 96;2021-08-03 a 9999-12-31;03/08/2021;31/12/9999;08/08/2021
623;197113;DIGITAL;96 a 96;2021-08-03 a 9999-12-31;03/08/2021;31/12/9999;08/08/2021
623;197120;DIGITAL;96 a 96;2021-08-03 a 9999-12-31;03/08/2021;31/12/9999;08/08/2021
623;197123;DIGITAL;96 a 96;2021-08-03 a 9999-12-31;03/08/2021;31/12/9999;08/08/2021
623;197124;DIGITAL;96 a 96;2021-08-03 a 9999-12-31;03/08/2021;31/12/9999;08/08/2021
623;197125;DIGITAL;96 a 96;2021-08-03 a 9999-12-31;03/08/2021;31/12/9999;08/08/2021
623;197126;DIGITAL;96 a 96;2021-08-03 a 9999-12-31;03/08/2021;31/12/9999;08/08/2021
623;197127;DIGITAL;96 a 96;2021-08-03 a 9999-12-31;03/08/2021;31/12/9999;08/08/2021
623;197128;DIGITAL;96 a 96;2021-08-03 a 9999-12-31;03/08/2021;31/12/9999;08/08/2021
623;197129;DIGITAL;96 a 96;2021-08-03 a 9999-12-31;03/08/2021;31/12/9999;08/08/2021
623;197130;DIGITAL;96 a 96;2021-08-03 a 9999-12-31;03/08/2021;31/12/9999;08/08/2021
623;197131;DIGITAL;96 a 96;2021-08-03 a 9999-12-31;03/08/2021;31/12/9999;08/08/2021
623;197132;DIGITAL;96 a 96;2021-08-03 a 9999-12-31;03/08/2021;31/12/9999;08/08/2021
623;197133;DIGITAL;96 a 96;2021-08-03 a 9999-12-31;03/08/2021;31/12/9999;08/08/2021
623;197134;DIGITAL;96 a 96;2021-08-03 a 9999-12-31;03/08/2021;31/12/9999;08/08/2021
623;197135;DIGITAL;96 a 96;2021-08-03 a 9999-12-31;03/08/2021;31/12/9999;08/08/2021
623;197136;DIGITAL;96 a 96;2021-08-03 a 9999-12-31;03/08/2021;31/12/9999;08/08/2021
623;197137;DIGITAL;96 a 96;2021-08-03 a 9999-12-31;03/08/2021;31/12/9999;08/08/2021
623;197138;DIGITAL;96 a 96;2021-08-03 a 9999-12-31;03/08/2021;31/12/9999;08/08/2021
623;197139;DIGITAL;96 a 96;2021-08-03 a 9999-12-31;03/08/2021;31/12/9999;08/08/2021
623;197140;DIGITAL;96 a 96;2021-08-03 a 9999-12-31;03/08/2021;31/12/9999;08/08/2021
623;197141;DIGITAL;96 a 96;2021-08-03 a 9999-12-31;03/08/2021;31/12/9999;08/08/2021
623;197142;DIGITAL;96 a 96;2021-08-03 a 9999-12-31;03/08/2021;31/12/9999;08/08/2021
623;197143;DIGITAL;96 a 96;2021-08-03 a 9999-12-31;03/08/2021;31/12/9999;08/08/2021
623;197144;DIGITAL;96 a 96;2021-08-03 a 9999-12-31;03/08/2021;31/12/9999;08/08/2021
623;197145;DIGITAL;96 a 96;2021-08-03 a 9999-12-31;03/08/2021;31/12/9999;08/08/2021
623;197146;DIGITAL;96 a 96;2021-08-03 a 9999-12-31;03/08/2021;31/12/9999;08/08/2021
623;197147;DIGITAL;96 a 96;2021-08-03 a 9999-12-31;03/08/2021;31/12/9999;08/08/2021
623;197148;DIGITAL;96 a 96;2021-08-03 a 9999-12-31;03/08/2021;31/12/9999;08/08/2021
623;197149;DIGITAL;96 a 96;2021-08-03 a 9999-12-31;03/08/2021;31/12/9999;08/08/2021
623;197150;DIGITAL;96 a 96;2021-08-03 a 9999-12-31;03/08/2021;31/12/9999;08/08/2021
623;197151;DIGITAL;96 a 96;2021-08-03 a 9999-12-31;03/08/2021;31/12/9999;08/08/2021
623;197152;DIGITAL;96 a 96;2021-08-03 a 9999-12-31;03/08/2021;31/12/9999;08/08/2021
623;197153;DIGITAL;96 a 96;2021-08-03 a 9999-12-31;03/08/2021;31/12/9999;08/08/2021
623;197154;DIGITAL;96 a 96;2021-08-03 a 9999-12-31;03/08/2021;31/12/9999;08/08/2021
623;197155;DIGITAL;96 a 96;2021-08-03 a 9999-12-31;03/08/2021;31/12/9999;08/08/2021
623;197156;DIGITAL;96 a 96;2021-08-03 a 9999-12-31;03/08/2021;31/12/9999;08/08/2021
623;197157;DIGITAL;96 a 96;2021-08-03 a 9999-12-31;03/08/2021;31/12/9999;08/08/2021
623;197213;DIGITAL;36 a 36;2021-08-03 a 9999-12-31;03/08/2021;31/12/9999;08/08/2021
623;197213;DIGITAL;48 a 48;2021-08-03 a 9999-12-31;03/08/2021;31/12/9999;08/08/2021
623;197213;DIGITAL;60 a 60;2021-08-03 a 9999-12-31;03/08/2021;31/12/9999;08/08/2021
623;197213;DIGITAL;72 a 72;2021-08-03 a 9999-12-31;03/08/2021;31/12/9999;08/08/2021
623;197213;DIGITAL;84 a 84;2021-08-03 a 9999-12-31;03/08/2021;31/12/9999;08/08/2021
623;197213;DIGITAL;96 a 96;2021-08-03 a 9999-12-31;03/08/2021;31/12/9999;08/08/2021
623;197214;DIGITAL;96 a 96;2021-08-03 a 9999-12-31;03/08/2021;31/12/9999;08/08/2021
623;197215;DIGITAL;96 a 96;2021-08-03 a 9999-12-31;03/08/2021;31/12/9999;08/08/2021
623;197216;DIGITAL;96 a 96;2021-08-03 a 9999-12-31;03/08/2021;31/12/9999;08/08/2021
623;197217;DIGITAL;96 a 96;2021-08-03 a 9999-12-31;03/08/2021;31/12/9999;08/08/2021
623;197218;DIGITAL;96 a 96;2021-08-03 a 9999-12-31;03/08/2021;31/12/9999;08/08/2021
623;197219;DIGITAL;96 a 96;2021-08-03 a 9999-12-31;03/08/2021;31/12/9999;08/08/2021
623;197220;DIGITAL;96 a 96;2021-08-03 a 9999-12-31;03/08/2021;31/12/9999;08/08/2021
623;197221;DIGITAL;96 a 96;2021-08-03 a 9999-12-31;03/08/2021;31/12/9999;08/08/2021
623;197222;DIGITAL;96 a 96;2021-08-03 a 9999-12-31;03/08/2021;31/12/9999;08/08/2021
623;197223;DIGITAL;96 a 96;2021-08-03 a 9999-12-31;03/08/2021;31/12/9999;08/08/2021
623;197224;DIGITAL;96 a 96;2021-08-03 a 9999-12-31;03/08/2021;31/12/9999;08/08/2021
623;197225;DIGITAL;96 a 96;2021-08-03 a 9999-12-31;03/08/2021;31/12/9999;08/08/2021
623;197226;DIGITAL;96 a 96;2021-08-03 a 9999-12-31;03/08/2021;31/12/9999;08/08/2021
623;197227;DIGITAL;96 a 96;2021-08-03 a 9999-12-31;03/08/2021;31/12/9999;08/08/2021
623;197228;DIGITAL;96 a 96;2021-08-03 a 9999-12-31;03/08/2021;31/12/9999;08/08/2021
623;197229;DIGITAL;96 a 96;2021-08-03 a 9999-12-31;03/08/2021;31/12/9999;08/08/2021
623;197230;DIGITAL;96 a 96;2021-08-03 a 9999-12-31;03/08/2021;31/12/9999;08/08/2021
623;197231;DIGITAL;96 a 96;2021-08-03 a 9999-12-31;03/08/2021;31/12/9999;08/08/2021
623;197232;DIGITAL;96 a 96;2021-08-03 a 9999-12-31;03/08/2021;31/12/9999;08/08/2021
623;197233;DIGITAL;96 a 96;2021-08-03 a 9999-12-31;03/08/2021;31/12/9999;08/08/2021
623;197234;DIGITAL;96 a 96;2021-08-03 a 9999-12-31;03/08/2021;31/12/9999;08/08/2021
623;197235;DIGITAL;96 a 96;2021-08-03 a 9999-12-31;03/08/2021;31/12/9999;08/08/2021
623;197236;DIGITAL;96 a 96;2021-08-03 a 9999-12-31;03/08/2021;31/12/9999;08/08/2021
623;197237;DIGITAL;96 a 96;2021-08-03 a 9999-12-31;03/08/2021;31/12/9999;08/08/2021
623;197238;DIGITAL;96 a 96;2021-08-03 a 9999-12-31;03/08/2021;31/12/9999;08/08/2021
623;197239;DIGITAL;96 a 96;2021-08-03 a 9999-12-31;03/08/2021;31/12/9999;08/08/2021
623;197240;DIGITAL;96 a 96;2021-08-03 a 9999-12-31;03/08/2021;31/12/9999;08/08/2021
623;197241;DIGITAL;96 a 96;2021-08-03 a 9999-12-31;03/08/2021;31/12/9999;08/08/2021
623;197242;DIGITAL;96 a 96;2021-08-03 a 9999-12-31;03/08/2021;31/12/9999;08/08/2021
623;197243;DIGITAL;96 a 96;2021-08-03 a 9999-12-31;03/08/2021;31/12/9999;08/08/2021
623;197244;DIGITAL;96 a 96;2021-08-03 a 9999-12-31;03/08/2021;31/12/9999;08/08/2021
623;197245;DIGITAL;72 a 72;2021-08-03 a 9999-12-31;03/08/2021;31/12/9999;08/08/2021
623;197245;DIGITAL;84 a 84;2021-08-03 a 9999-12-31;03/08/2021;31/12/9999;08/08/2021
623;197245;DIGITAL;96 a 96;2021-08-03 a 9999-12-31;03/08/2021;31/12/9999;08/08/2021
623;197246;DIGITAL;96 a 96;2021-08-03 a 9999-12-31;03/08/2021;31/12/9999;08/08/2021
623;197247;DIGITAL;96 a 96;2021-08-03 a 9999-12-31;03/08/2021;31/12/9999;08/08/2021
623;197248;DIGITAL;96 a 96;2021-08-03 a 9999-12-31;03/08/2021;31/12/9999;08/08/2021
623;197249;DIGITAL;96 a 96;2021-08-03 a 9999-12-31;03/08/2021;31/12/9999;08/08/2021
623;197250;DIGITAL;96 a 96;2021-08-03 a 9999-12-31;03/08/2021;31/12/9999;08/08/2021
623;197251;DIGITAL;96 a 96;2021-08-03 a 9999-12-31;03/08/2021;31/12/9999;08/08/2021
623;197252;DIGITAL;96 a 96;2021-08-03 a 9999-12-31;03/08/2021;31/12/9999;08/08/2021
623;197253;DIGITAL;96 a 96;2021-08-03 a 9999-12-31;03/08/2021;31/12/9999;08/08/2021
623;197254;DIGITAL;96 a 96;2021-08-03 a 9999-12-31;03/08/2021;31/12/9999;08/08/2021
623;197255;DIGITAL;96 a 96;2021-08-03 a 9999-12-31;03/08/2021;31/12/9999;08/08/2021
623;197256;DIGITAL;96 a 96;2021-08-03 a 9999-12-31;03/08/2021;31/12/9999;08/08/2021
623;197257;DIGITAL;96 a 96;2021-08-03 a 9999-12-31;03/08/2021;31/12/9999;08/08/2021
623;197258;DIGITAL;96 a 96;2021-08-03 a 9999-12-31;03/08/2021;31/12/9999;08/08/2021
623;197266;DIGITAL;96 a 96;2021-08-03 a 9999-12-31;03/08/2021;31/12/9999;08/08/2021
623;21;DIGITAL;72 a 72;2021-08-03 a 9999-12-31;03/08/2021;31/12/9999;08/08/2021
623;33;DIGITAL;96 a 96;2021-08-03 a 9999-12-31;03/08/2021;31/12/9999;08/08/2021
623;500015;DIGITAL;72 a 72;2021-08-03 a 9999-12-31;03/08/2021;31/12/9999;08/08/2021
623;500015;DIGITAL;84 a 84;2021-08-03 a 9999-12-31;03/08/2021;31/12/9999;08/08/2021
623;500015;DIGITAL;96 a 96;2021-08-03 a 9999-12-31;03/08/2021;31/12/9999;08/08/2021
623;500080;DIGITAL;96 a 96;2021-08-03 a 9999-12-31;03/08/2021;31/12/9999;08/08/2021
623;500082;DIGITAL;96 a 96;2021-08-03 a 9999-12-31;03/08/2021;31/12/9999;08/08/2021
623;500483;PADRAO;96 a 96;2021-08-03 a 9999-12-31;03/08/2021;31/12/9999;08/08/2021
623;500890;PADRAO;96 a 96;2021-08-03 a 9999-12-31;03/08/2021;31/12/9999;08/08/2021
623;500893;PADRAO;96 a 96;2021-08-03 a 9999-12-31;03/08/2021;31/12/9999;08/08/2021
623;500998;PADRAO;96 a 96;2021-08-03 a 9999-12-31;03/08/2021;31/12/9999;08/08/2021
623;501522;PADRAO;48 a 48;2021-08-03 a 9999-12-31;03/08/2021;31/12/9999;08/08/2021
623;501522;PADRAO;60 a 60;2021-08-03 a 9999-12-31;03/08/2021;31/12/9999;08/08/2021
623;501522;PADRAO;72 a 72;2021-08-03 a 9999-12-31;03/08/2021;31/12/9999;08/08/2021
623;501522;PADRAO;84 a 84;2021-08-03 a 9999-12-31;03/08/2021;31/12/9999;08/08/2021
623;501522;PADRAO;96 a 96;2021-08-03 a 9999-12-31;03/08/2021;31/12/9999;08/08/2021
623;501523;PADRAO;72 a 72;2021-08-03 a 9999-12-31;03/08/2021;31/12/9999;08/08/2021
623;501523;PADRAO;84 a 84;2021-08-03 a 9999-12-31;03/08/2021;31/12/9999;08/08/2021
623;501523;PADRAO;96 a 96;2021-08-03 a 9999-12-31;03/08/2021;31/12/9999;08/08/2021
623;501524;PADRAO;72 a 72;2021-08-03 a 9999-12-31;03/08/2021;31/12/9999;08/08/2021
623;501524;PADRAO;84 a 84;2021-08-03 a 9999-12-31;03/08/2021;31/12/9999;08/08/2021
623;501524;PADRAO;96 a 96;2021-08-03 a 9999-12-31;03/08/2021;31/12/9999;08/08/2021
623;501525;PADRAO;96 a 96;2021-08-03 a 9999-12-31;03/08/2021;31/12/9999;08/08/2021
623;501526;PADRAO;96 a 96;2021-08-03 a 9999-12-31;03/08/2021;31/12/9999;08/08/2021
623;501527;PADRAO;96 a 96;2021-08-03 a 9999-12-31;03/08/2021;31/12/9999;08/08/2021
623;501528;PADRAO;96 a 96;2021-08-03 a 9999-12-31;03/08/2021;31/12/9999;08/08/2021
623;501529;PADRAO;96 a 96;2021-08-03 a 9999-12-31;03/08/2021;31/12/9999;08/08/2021
623;501530;PADRAO;96 a 96;2021-08-03 a 9999-12-31;03/08/2021;31/12/9999;08/08/2021
623;501698;PADRAO;96 a 96;2021-08-03 a 9999-12-31;03/08/2021;31/12/9999;08/08/2021
623;501712;PADRAO;96 a 96;2021-08-03 a 9999-12-31;03/08/2021;31/12/9999;08/08/2021
623;501755;PADRAO;96 a 96;2021-08-03 a 9999-12-31;03/08/2021;31/12/9999;08/08/2021
623;501756;PADRAO;96 a 96;2021-08-03 a 9999-12-31;03/08/2021;31/12/9999;08/08/2021
623;501757;PADRAO;96 a 96;2021-08-03 a 9999-12-31;03/08/2021;31/12/9999;08/08/2021
623;501883;PADRAO;96 a 96;2021-08-03 a 9999-12-31;03/08/2021;31/12/9999;08/08/2021
623;501884;PADRAO;96 a 96;2021-08-03 a 9999-12-31;03/08/2021;31/12/9999;08/08/2021
623;501885;PADRAO;96 a 96;2021-08-03 a 9999-12-31;03/08/2021;31/12/9999;08/08/2021
623;501886;DIGITAL;96 a 96;2021-08-03 a 9999-12-31;03/08/2021;31/12/9999;08/08/2021
623;501886;PADRAO;96 a 96;2021-08-03 a 9999-12-31;03/08/2021;31/12/9999;08/08/2021
623;501887;PADRAO;96 a 96;2021-08-03 a 9999-12-31;03/08/2021;31/12/9999;08/08/2021
623;501888;PADRAO;96 a 96;2021-08-03 a 9999-12-31;03/08/2021;31/12/9999;08/08/2021
623;501892;DIGITAL;96 a 96;2021-08-03 a 9999-12-31;03/08/2021;31/12/9999;08/08/2021
623;501904;PADRAO;48 a 48;2021-08-03 a 9999-12-31;03/08/2021;31/12/9999;08/08/2021
623;501904;PADRAO;60 a 60;2021-08-03 a 9999-12-31;03/08/2021;31/12/9999;08/08/2021
623;501904;PADRAO;72 a 72;2021-08-03 a 9999-12-31;03/08/2021;31/12/9999;08/08/2021
623;501904;PADRAO;84 a 84;2021-08-03 a 9999-12-31;03/08/2021;31/12/9999;08/08/2021
623;501904;PADRAO;96 a 96;2021-08-03 a 9999-12-31;03/08/2021;31/12/9999;08/08/2021
623;501905;PADRAO;72 a 72;2021-08-03 a 9999-12-31;03/08/2021;31/12/9999;08/08/2021
623;501905;PADRAO;84 a 84;2021-08-03 a 9999-12-31;03/08/2021;31/12/9999;08/08/2021
623;501905;PADRAO;96 a 96;2021-08-03 a 9999-12-31;03/08/2021;31/12/9999;08/08/2021
623;501906;PADRAO;72 a 72;2021-08-03 a 9999-12-31;03/08/2021;31/12/9999;08/08/2021
623;501906;PADRAO;84 a 84;2021-08-03 a 9999-12-31;03/08/2021;31/12/9999;08/08/2021
623;501906;PADRAO;96 a 96;2021-08-03 a 9999-12-31;03/08/2021;31/12/9999;08/08/2021
623;501907;PADRAO;96 a 96;2021-08-03 a 9999-12-31;03/08/2021;31/12/9999;08/08/2021
623;501908;PADRAO;96 a 96;2021-08-03 a 9999-12-31;03/08/2021;31/12/9999;08/08/2021
623;501909;PADRAO;96 a 96;2021-08-03 a 9999-12-31;03/08/2021;31/12/9999;08/08/2021
623;501910;PADRAO;96 a 96;2021-08-03 a 9999-12-31;03/08/2021;31/12/9999;08/08/2021
623;501911;PADRAO;96 a 96;2021-08-03 a 9999-12-31;03/08/2021;31/12/9999;08/08/2021
623;501988;PADRAO;96 a 96;2021-08-03 a 9999-12-31;03/08/2021;31/12/9999;08/08/2021
623;501997;PADRAO;72 a 72;2021-08-03 a 9999-12-31;03/08/2021;31/12/9999;08/08/2021
623;501997;PADRAO;84 a 84;2021-08-03 a 9999-12-31;03/08/2021;31/12/9999;08/08/2021
623;501997;PADRAO;96 a 96;2021-08-03 a 9999-12-31;03/08/2021;31/12/9999;08/08/2021
623;510533;PADRAO;96 a 96;2021-08-03 a 9999-12-31;03/08/2021;31/12/9999;08/08/2021
623;510534;PADRAO;96 a 96;2021-08-03 a 9999-12-31;03/08/2021;31/12/9999;08/08/2021
623;510535;PADRAO;96 a 96;2021-08-03 a 9999-12-31;03/08/2021;31/12/9999;08/08/2021
623;510536;PADRAO;96 a 96;2021-08-03 a 9999-12-31;03/08/2021;31/12/9999;08/08/2021
623;510537;PADRAO;96 a 96;2021-08-03 a 9999-12-31;03/08/2021;31/12/9999;08/08/2021
623;510538;PADRAO;96 a 96;2021-08-03 a 9999-12-31;03/08/2021;31/12/9999;08/08/2021
623;510542;DIGITAL;96 a 96;2021-08-03 a 9999-12-31;03/08/2021;31/12/9999;08/08/2021
623;510542;PADRAO;96 a 96;2021-08-03 a 9999-12-31;03/08/2021;31/12/9999;08/08/2021
623;510543;DIGITAL;96 a 96;2021-08-03 a 9999-12-31;03/08/2021;31/12/9999;08/08/2021
623;510543;PADRAO;96 a 96;2021-08-03 a 9999-12-31;03/08/2021;31/12/9999;08/08/2021
623;510544;DIGITAL;96 a 96;2021-08-03 a 9999-12-31;03/08/2021;31/12/9999;08/08/2021
623;510544;PADRAO;96 a 96;2021-08-03 a 9999-12-31;03/08/2021;31/12/9999;08/08/2021
623;510545;PADRAO;96 a 96;2021-08-03 a 9999-12-31;03/08/2021;31/12/9999;08/08/2021
623;510546;PADRAO;96 a 96;2021-08-03 a 9999-12-31;03/08/2021;31/12/9999;08/08/2021
623;510547;PADRAO;96 a 96;2021-08-03 a 9999-12-31;03/08/2021;31/12/9999;08/08/2021
623;510548;PADRAO;96 a 96;2021-08-03 a 9999-12-31;03/08/2021;31/12/9999;08/08/2021
623;510681;DIGITAL;96 a 96;2021-08-03 a 9999-12-31;03/08/2021;31/12/9999;08/08/2021
623;510682;DIGITAL;96 a 96;2021-08-03 a 9999-12-31;03/08/2021;31/12/9999;08/08/2021
623;510683;DIGITAL;96 a 96;2021-08-03 a 9999-12-31;03/08/2021;31/12/9999;08/08/2021
623;510684;DIGITAL;96 a 96;2021-08-03 a 9999-12-31;03/08/2021;31/12/9999;08/08/2021
623;510685;DIGITAL;96 a 96;2021-08-03 a 9999-12-31;03/08/2021;31/12/9999;08/08/2021
623;510686;DIGITAL;96 a 96;2021-08-03 a 9999-12-31;03/08/2021;31/12/9999;08/08/2021
623;510687;DIGITAL;96 a 96;2021-08-03 a 9999-12-31;03/08/2021;31/12/9999;08/08/2021
623;510688;DIGITAL;96 a 96;2021-08-03 a 9999-12-31;03/08/2021;31/12/9999;08/08/2021
623;510689;DIGITAL;96 a 96;2021-08-03 a 9999-12-31;03/08/2021;31/12/9999;08/08/2021
623;510690;DIGITAL;96 a 96;2021-08-03 a 9999-12-31;03/08/2021;31/12/9999;08/08/2021
623;510702;DIGITAL;96 a 96;2021-08-03 a 9999-12-31;03/08/2021;31/12/9999;08/08/2021
623;510703;DIGITAL;96 a 96;2021-08-03 a 9999-12-31;03/08/2021;31/12/9999;08/08/2021
623;510704;DIGITAL;96 a 96;2021-08-03 a 9999-12-31;03/08/2021;31/12/9999;08/08/2021
623;510820;PADRAO;96 a 96;2021-08-03 a 9999-12-31;03/08/2021;31/12/9999;08/08/2021
623;510821;PADRAO;96 a 96;2021-08-03 a 9999-12-31;03/08/2021;31/12/9999;08/08/2021
623;510890;PADRAO;96 a 96;2021-08-03 a 9999-12-31;03/08/2021;31/12/9999;08/08/2021
623;510891;PADRAO;96 a 96;2021-08-03 a 9999-12-31;03/08/2021;31/12/9999;08/08/2021
623;510892;PADRAO;96 a 96;2021-08-03 a 9999-12-31;03/08/2021;31/12/9999;08/08/2021
623;510893;PADRAO;96 a 96;2021-08-03 a 9999-12-31;03/08/2021;31/12/9999;08/08/2021
623;510894;PADRAO;96 a 96;2021-08-03 a 9999-12-31;03/08/2021;31/12/9999;08/08/2021
623;510895;PADRAO;96 a 96;2021-08-03 a 9999-12-31;03/08/2021;31/12/9999;08/08/2021
623;510896;DIGITAL;96 a 96;2021-08-03 a 9999-12-31;03/08/2021;31/12/9999;08/08/2021
623;510896;PADRAO;96 a 96;2021-08-03 a 9999-12-31;03/08/2021;31/12/9999;08/08/2021
623;510897;PADRAO;96 a 96;2021-08-03 a 9999-12-31;03/08/2021;31/12/9999;08/08/2021
623;510898;PADRAO;96 a 96;2021-08-03 a 9999-12-31;03/08/2021;31/12/9999;08/08/2021
623;510899;PADRAO;96 a 96;2021-08-03 a 9999-12-31;03/08/2021;31/12/9999;08/08/2021
623;510900;PADRAO;96 a 96;2021-08-03 a 9999-12-31;03/08/2021;31/12/9999;08/08/2021
623;510901;PADRAO;96 a 96;2021-08-03 a 9999-12-31;03/08/2021;31/12/9999;08/08/2021
623;510902;PADRAO;96 a 96;2021-08-03 a 9999-12-31;03/08/2021;31/12/9999;08/08/2021
623;510903;DIGITAL;96 a 96;2021-08-03 a 9999-12-31;03/08/2021;31/12/9999;08/08/2021
623;510903;PADRAO;96 a 96;2021-08-03 a 9999-12-31;03/08/2021;31/12/9999;08/08/2021
623;510910;DIGITAL;96 a 96;2021-08-03 a 9999-12-31;03/08/2021;31/12/9999;08/08/2021
623;510917;DIGITAL;96 a 96;2021-08-03 a 9999-12-31;03/08/2021;31/12/9999;08/08/2021
623;510919;PADRAO;96 a 96;2021-08-03 a 9999-12-31;03/08/2021;31/12/9999;08/08/2021
623;510920;PADRAO;96 a 96;2021-08-03 a 9999-12-31;03/08/2021;31/12/9999;08/08/2021
623;510921;DIGITAL;96 a 96;2021-08-03 a 9999-12-31;03/08/2021;31/12/9999;08/08/2021
623;510921;PADRAO;96 a 96;2021-08-03 a 9999-12-31;03/08/2021;31/12/9999;08/08/2021
623;510922;DIGITAL;96 a 96;2021-08-03 a 9999-12-31;03/08/2021;31/12/9999;08/08/2021
623;510922;PADRAO;96 a 96;2021-08-03 a 9999-12-31;03/08/2021;31/12/9999;08/08/2021
623;510923;DIGITAL;96 a 96;2021-08-03 a 9999-12-31;03/08/2021;31/12/9999;08/08/2021
623;510923;PADRAO;96 a 96;2021-08-03 a 9999-12-31;03/08/2021;31/12/9999;08/08/2021
623;510924;PADRAO;96 a 96;2021-08-03 a 9999-12-31;03/08/2021;31/12/9999;08/08/2021
623;510925;PADRAO;96 a 96;2021-08-03 a 9999-12-31;03/08/2021;31/12/9999;08/08/2021
623;510926;PADRAO;96 a 96;2021-08-03 a 9999-12-31;03/08/2021;31/12/9999;08/08/2021
623;510930;DIGITAL;96 a 96;2021-08-03 a 9999-12-31;03/08/2021;31/12/9999;08/08/2021
623;510931;DIGITAL;96 a 96;2021-08-03 a 9999-12-31;03/08/2021;31/12/9999;08/08/2021
623;510932;DIGITAL;96 a 96;2021-08-03 a 9999-12-31;03/08/2021;31/12/9999;08/08/2021
623;6091;DIGITAL;36 a 36;2021-08-03 a 9999-12-31;03/08/2021;31/12/9999;08/08/2021
623;6091;DIGITAL;48 a 48;2021-08-03 a 9999-12-31;03/08/2021;31/12/9999;08/08/2021
623;6091;DIGITAL;60 a 60;2021-08-03 a 9999-12-31;03/08/2021;31/12/9999;08/08/2021
623;6091;DIGITAL;72 a 72;2021-08-03 a 9999-12-31;03/08/2021;31/12/9999;08/08/2021
623;6091;DIGITAL;84 a 84;2021-08-03 a 9999-12-31;03/08/2021;31/12/9999;08/08/2021
623;6091;DIGITAL;96 a 96;2021-08-03 a 9999-12-31;03/08/2021;31/12/9999;08/08/2021
623;6092;DIGITAL;96 a 96;2021-08-03 a 9999-12-31;03/08/2021;31/12/9999;08/08/2021
623;6093;DIGITAL;96 a 96;2021-08-03 a 9999-12-31;03/08/2021;31/12/9999;08/08/2021
623;6094;DIGITAL;96 a 96;2021-08-03 a 9999-12-31;03/08/2021;31/12/9999;08/08/2021
623;610197;PADRAO;96 a 96;2021-08-03 a 9999-12-31;03/08/2021;31/12/9999;08/08/2021
623;610201;PADRAO;96 a 96;2021-08-03 a 9999-12-31;03/08/2021;31/12/9999;08/08/2021
623;610205;PADRAO;96 a 96;2021-08-03 a 9999-12-31;03/08/2021;31/12/9999;08/08/2021
623;610209;PADRAO;96 a 96;2021-08-03 a 9999-12-31;03/08/2021;31/12/9999;08/08/2021
623;610213;PADRAO;96 a 96;2021-08-03 a 9999-12-31;03/08/2021;31/12/9999;08/08/2021
623;610217;PADRAO;96 a 96;2021-08-03 a 9999-12-31;03/08/2021;31/12/9999;08/08/2021
623;610221;PADRAO;96 a 96;2021-08-03 a 9999-12-31;03/08/2021;31/12/9999;08/08/2021
623;610225;PADRAO;96 a 96;2021-08-03 a 9999-12-31;03/08/2021;31/12/9999;08/08/2021
623;610229;PADRAO;96 a 96;2021-08-03 a 9999-12-31;03/08/2021;31/12/9999;08/08/2021
623;610233;PADRAO;96 a 96;2021-08-03 a 9999-12-31;03/08/2021;31/12/9999;08/08/2021
623;610237;PADRAO;96 a 96;2021-08-03 a 9999-12-31;03/08/2021;31/12/9999;08/08/2021
623;610238;PADRAO;96 a 96;2021-08-03 a 9999-12-31;03/08/2021;31/12/9999;08/08/2021
623;610239;PADRAO;96 a 96;2021-08-03 a 9999-12-31;03/08/2021;31/12/9999;08/08/2021
623;610240;PADRAO;96 a 96;2021-08-03 a 9999-12-31;03/08/2021;31/12/9999;08/08/2021
623;610241;PADRAO;96 a 96;2021-08-03 a 9999-12-31;03/08/2021;31/12/9999;08/08/2021
623;610242;PADRAO;96 a 96;2021-08-03 a 9999-12-31;03/08/2021;31/12/9999;08/08/2021
623;610243;PADRAO;96 a 96;2021-08-03 a 9999-12-31;03/08/2021;31/12/9999;08/08/2021
623;610251;PADRAO;96 a 96;2021-08-03 a 9999-12-31;03/08/2021;31/12/9999;08/08/2021
623;610253;PADRAO;96 a 96;2021-08-03 a 9999-12-31;03/08/2021;31/12/9999;08/08/2021
623;610255;PADRAO;96 a 96;2021-08-03 a 9999-12-31;03/08/2021;31/12/9999;08/08/2021
623;610257;PADRAO;96 a 96;2021-08-03 a 9999-12-31;03/08/2021;31/12/9999;08/08/2021
623;610259;PADRAO;96 a 96;2021-08-03 a 9999-12-31;03/08/2021;31/12/9999;08/08/2021
623;610261;PADRAO;96 a 96;2021-08-03 a 9999-12-31;03/08/2021;31/12/9999;08/08/2021
623;610263;PADRAO;96 a 96;2021-08-03 a 9999-12-31;03/08/2021;31/12/9999;08/08/2021
623;610265;PADRAO;96 a 96;2021-08-03 a 9999-12-31;03/08/2021;31/12/9999;08/08/2021
623;610267;PADRAO;96 a 96;2021-08-03 a 9999-12-31;03/08/2021;31/12/9999;08/08/2021
623;610269;PADRAO;96 a 96;2021-08-03 a 9999-12-31;03/08/2021;31/12/9999;08/08/2021
623;610271;PADRAO;96 a 96;2021-08-03 a 9999-12-31;03/08/2021;31/12/9999;08/08/2021
623;610273;PADRAO;96 a 96;2021-08-03 a 9999-12-31;03/08/2021;31/12/9999;08/08/2021
623;610275;PADRAO;96 a 96;2021-08-03 a 9999-12-31;03/08/2021;31/12/9999;08/08/2021
623;610277;PADRAO;96 a 96;2021-08-03 a 9999-12-31;03/08/2021;31/12/9999;08/08/2021
623;610279;PADRAO;96 a 96;2021-08-03 a 9999-12-31;03/08/2021;31/12/9999;08/08/2021
623;610282;PADRAO;96 a 96;2021-08-03 a 9999-12-31;03/08/2021;31/12/9999;08/08/2021
623;610283;PADRAO;96 a 96;2021-08-03 a 9999-12-31;03/08/2021;31/12/9999;08/08/2021
623;610284;PADRAO;96 a 96;2021-08-03 a 9999-12-31;03/08/2021;31/12/9999;08/08/2021
623;610285;PADRAO;96 a 96;2021-08-03 a 9999-12-31;03/08/2021;31/12/9999;08/08/2021
623;610286;PADRAO;96 a 96;2021-08-03 a 9999-12-31;03/08/2021;31/12/9999;08/08/2021
623;610287;PADRAO;96 a 96;2021-08-03 a 9999-12-31;03/08/2021;31/12/9999;08/08/2021
623;610288;PADRAO;96 a 96;2021-08-03 a 9999-12-31;03/08/2021;31/12/9999;08/08/2021
623;610289;PADRAO;96 a 96;2021-08-03 a 9999-12-31;03/08/2021;31/12/9999;08/08/2021
623;610290;PADRAO;96 a 96;2021-08-03 a 9999-12-31;03/08/2021;31/12/9999;08/08/2021
623;610291;PADRAO;96 a 96;2021-08-03 a 9999-12-31;03/08/2021;31/12/9999;08/08/2021
623;610292;PADRAO;96 a 96;2021-08-03 a 9999-12-31;03/08/2021;31/12/9999;08/08/2021
623;610293;PADRAO;96 a 96;2021-08-03 a 9999-12-31;03/08/2021;31/12/9999;08/08/2021
623;610294;PADRAO;96 a 96;2021-08-03 a 9999-12-31;03/08/2021;31/12/9999;08/08/2021
623;610295;PADRAO;96 a 96;2021-08-03 a 9999-12-31;03/08/2021;31/12/9999;08/08/2021
623;610296;PADRAO;96 a 96;2021-08-03 a 9999-12-31;03/08/2021;31/12/9999;08/08/2021
623;610297;PADRAO;96 a 96;2021-08-03 a 9999-12-31;03/08/2021;31/12/9999;08/08/2021
623;6104;DIGITAL;96 a 96;2021-08-03 a 9999-12-31;03/08/2021;31/12/9999;08/08/2021
623;6169;DIGITAL;84 a 84;2021-08-03 a 9999-12-31;03/08/2021;31/12/9999;08/08/2021
623;6169;DIGITAL;96 a 96;2021-08-03 a 9999-12-31;03/08/2021;31/12/9999;08/08/2021
623;6170;DIGITAL;96 a 96;2021-08-03 a 9999-12-31;03/08/2021;31/12/9999;08/08/2021
623;6171;DIGITAL;96 a 96;2021-08-03 a 9999-12-31;03/08/2021;31/12/9999;08/08/2021
623;6172;DIGITAL;96 a 96;2021-08-03 a 9999-12-31;03/08/2021;31/12/9999;08/08/2021
623;6187;DIGITAL;96 a 96;2021-08-03 a 9999-12-31;03/08/2021;31/12/9999;08/08/2021
623;6197;DIGITAL;96 a 96;2021-08-03 a 9999-12-31;03/08/2021;31/12/9999;08/08/2021
623;6198;DIGITAL;96 a 96;2021-08-03 a 9999-12-31;03/08/2021;31/12/9999;08/08/2021
623;6199;DIGITAL;96 a 96;2021-08-03 a 9999-12-31;03/08/2021;31/12/9999;08/08/2021
623;6200;DIGITAL;96 a 96;2021-08-03 a 9999-12-31;03/08/2021;31/12/9999;08/08/2021
623;6201;DIGITAL;96 a 96;2021-08-03 a 9999-12-31;03/08/2021;31/12/9999;08/08/2021
623;6202;DIGITAL;96 a 96;2021-08-03 a 9999-12-31;03/08/2021;31/12/9999;08/08/2021
623;6203;DIGITAL;96 a 96;2021-08-03 a 9999-12-31;03/08/2021;31/12/9999;08/08/2021
623;6204;DIGITAL;96 a 96;2021-08-03 a 9999-12-31;03/08/2021;31/12/9999;08/08/2021
623;6205;DIGITAL;96 a 96;2021-08-03 a 9999-12-31;03/08/2021;31/12/9999;08/08/2021
623;6206;DIGITAL;96 a 96;2021-08-03 a 9999-12-31;03/08/2021;31/12/9999;08/08/2021
623;6207;DIGITAL;96 a 96;2021-08-03 a 9999-12-31;03/08/2021;31/12/9999;08/08/2021
623;6209;DIGITAL;96 a 96;2021-08-03 a 9999-12-31;03/08/2021;31/12/9999;08/08/2021
623;6211;DIGITAL;96 a 96;2021-08-03 a 9999-12-31;03/08/2021;31/12/9999;08/08/2021
623;701434;PADRAO;36 a 36;2021-08-03 a 9999-12-31;03/08/2021;31/12/9999;08/08/2021
623;701442;DIGITAL;36 a 36;2021-08-03 a 9999-12-31;03/08/2021;31/12/9999;08/08/2021
623;701442;PADRAO;36 a 36;2021-08-03 a 9999-12-31;03/08/2021;31/12/9999;08/08/2021
623;701632;DIGITAL;36 a 36;2021-08-03 a 9999-12-31;03/08/2021;31/12/9999;08/08/2021
623;701632;PADRAO;36 a 36;2021-08-03 a 9999-12-31;03/08/2021;31/12/9999;08/08/2021
623;701633;DIGITAL;36 a 36;2021-08-03 a 9999-12-31;03/08/2021;31/12/9999;08/08/2021
623;701633;PADRAO;36 a 36;2021-08-03 a 9999-12-31;03/08/2021;31/12/9999;08/08/2021
623;702373;DIGITAL;84 a 84;2021-08-03 a 9999-12-31;03/08/2021;31/12/9999;08/08/2021
623;703202;DIGITAL;36 a 36;2021-08-03 a 9999-12-31;03/08/2021;31/12/9999;08/08/2021
623;703211;DIGITAL;36 a 36;2021-08-03 a 9999-12-31;03/08/2021;31/12/9999;08/08/2021
623;703417;DIGITAL;36 a 36;2021-08-03 a 9999-12-31;03/08/2021;31/12/9999;08/08/2021
623;703417;PADRAO;36 a 36;2021-08-03 a 9999-12-31;03/08/2021;31/12/9999;08/08/2021
